{
  "default-calendar": "gregorian",
  "separator": "/",
  "unitOrder": "DD/MM/YYYY",
  "weekStart": 7,
  "placeholder": "DD/MM/YYYY",
  "days": {
    "abbreviated": ["Κυρ", "Δευ", "Τρί", "Τετ", "Πέμ", "Παρ", "Σάβ"],
    "narrow": ["Κ", "Δ", "Τ", "Τ", "Π", "Π", "Σ"],
    "short": ["Κυ", "Δε", "Τρ", "Τε", "Πέ", "Πα", "Σά"],
    "wide": ["Κυριακή", "Δευτέρα", "Τρίτη", "Τετάρτη", "Πέμπτη", "Παρασκευή", "Σάββατο"]
  },
  "numerals": "0123456789",
  "months": {
    "abbreviated": ["Ιαν", "Φεβ", "Μάρ", "Απρ", "Μάι", "Ιούν", "Ιούλ", "Αύγ", "Σεπ", "Οκτ", "Νοέ", "Δεκ"],
    "narrow": ["Ι", "Φ", "Μ", "Α", "Μ", "Ι", "Ι", "Α", "Σ", "Ο", "Ν", "Δ"],
    "wide": [
      "Ιανουάριος",
      "Φεβρουάριος",
      "Μάρτιος",
      "Απρίλιος",
      "Μάιος",
      "Ιούνιος",
      "Ιούλιος",
      "Αύγουστος",
      "Σεπτέμβριος",
      "Οκτώβριος",
      "Νοέμβριος",
      "Δεκέμβριος"
    ]
  }
}
