{
  "default-calendar": "gregorian",
  "separator": ".",
  "unitOrder": "DD.MM.YYYY",
  "weekStart": 7,
  "placeholder": "DD.MM.YYYY",
  "days": {
    "abbreviated": ["svētd.", "pirmd.", "otrd.", "trešd.", "ceturtd.", "piektd.", "sestd."],
    "narrow": ["S", "P", "O", "T", "C", "P", "S"],
    "short": ["Sv", "Pr", "Ot", "Tr", "Ce", "Pk", "Se"],
    "wide": ["svētdiena", "pirmdiena", "otrdiena", "trešdiena", "ceturtdiena", "piektdiena", "sestdiena"]
  },
  "numerals": "0123456789",
  "months": {
    "abbreviated": [
      "janv.",
      "febr.",
      "marts",
      "apr.",
      "maijs",
      "jūn.",
      "jūl.",
      "aug.",
      "sept.",
      "okt.",
      "nov.",
      "dec."
    ],
    "narrow": ["J", "F", "M", "A", "M", "J", "J", "A", "S", "O", "N", "D"],
    "wide": [
      "janvāris",
      "februāris",
      "marts",
      "aprīlis",
      "maijs",
      "jūnijs",
      "jūlijs",
      "augusts",
      "septembris",
      "oktobris",
      "novembris",
      "decembris"
    ]
  }
}
