{
  "default-calendar": "gregorian",
  "separator": ".",
  "unitOrder": "DD.MM.YYYY",
  "weekStart": 7,
  "placeholder": "DD.MM.YYYY",
  "days": {
    "abbreviated": ["нед.", "пон.", "вт.", "сре.", "чет.", "пет.", "саб."],
    "narrow": ["н", "п", "в", "с", "ч", "п", "с"],
    "short": ["нед.", "пон.", "вто.", "сре.", "чет.", "пет.", "саб."],
    "wide": ["недела", "понеделник", "вторник", "среда", "четврток", "петок", "сабота"]
  },
  "numerals": "0123456789",
  "months": {
    "abbreviated": ["јан.", "фев.", "мар.", "апр.", "мај", "јун.", "јул.", "авг.", "септ.", "окт.", "ноем.", "дек."],
    "narrow": ["ј", "ф", "м", "а", "м", "ј", "ј", "а", "с", "о", "н", "д"],
    "wide": [
      "јануари",
      "февруари",
      "март",
      "април",
      "мај",
      "јуни",
      "јули",
      "август",
      "септември",
      "октомври",
      "ноември",
      "декември"
    ]
  }
}
