{
  "default-calendar": "gregorian",
  "separator": ".",
  "unitOrder": "DD.MM.YYYY",
  "weekStart": 7,
  "placeholder": "DD.MM.YYYY",
  "days": {
    "abbreviated": ["niedz.", "pon.", "wt.", "śr.", "czw.", "pt.", "sob."],
    "narrow": ["n", "p", "w", "ś", "c", "p", "s"],
    "short": ["nie", "pon", "wto", "śro", "czw", "pią", "sob"],
    "wide": ["niedziela", "poniedziałek", "wtorek", "środa", "czwartek", "piątek", "sobota"]
  },
  "numerals": "0123456789",
  "months": {
    "abbreviated": ["sty", "lut", "mar", "kwi", "maj", "cze", "lip", "sie", "wrz", "paź", "lis", "gru"],
    "narrow": ["S", "L", "M", "K", "M", "C", "L", "S", "W", "P", "L", "G"],
    "wide": [
      "styczeń",
      "luty",
      "marzec",
      "kwiecień",
      "maj",
      "czerwiec",
      "lipiec",
      "sierpień",
      "wrzesień",
      "październik",
      "listopad",
      "grudzień"
    ]
  }
}
