{
  "default-calendar": "gregorian",
  "separator": ".",
  "unitOrder": "DD.MM.YYYY.",
  "weekStart": 7,
  "placeholder": "DD.MM.YYYY.",
  "days": {
    "abbreviated": ["нед", "пон", "уто", "сре", "чет", "пет", "суб"],
    "narrow": ["н", "п", "у", "с", "ч", "п", "с"],
    "short": ["не", "по", "ут", "ср", "че", "пе", "су"],
    "wide": ["недеља", "понедељак", "уторак", "среда", "четвртак", "петак", "субота"]
  },
  "numerals": "0123456789",
  "months": {
    "abbreviated": ["јан", "феб", "мар", "апр", "мај", "јун", "јул", "авг", "сеп", "окт", "нов", "дец"],
    "narrow": ["ј", "ф", "м", "а", "м", "ј", "ј", "а", "с", "о", "н", "д"],
    "wide": [
      "јануар",
      "фебруар",
      "март",
      "април",
      "мај",
      "јун",
      "јул",
      "август",
      "септембар",
      "октобар",
      "новембар",
      "децембар"
    ]
  }
}
