{
  "default-calendar": "gregorian",
  "separator": "-",
  "unitOrder": "YYYY-MM-DD",
  "weekStart": 7,
  "placeholder": "YYYY-MM-DD",
  "days": {
    "abbreviated": ["sön", "mån", "tis", "ons", "tors", "fre", "lör"],
    "narrow": ["S", "M", "T", "O", "T", "F", "L"],
    "short": ["sö", "må", "ti", "on", "to", "fr", "lö"],
    "wide": ["söndag", "måndag", "tisdag", "onsdag", "torsdag", "fredag", "lördag"]
  },
  "numerals": "0123456789",
  "months": {
    "abbreviated": ["jan.", "feb.", "mars", "apr.", "maj", "juni", "juli", "aug.", "sep.", "okt.", "nov.", "dec."],
    "narrow": ["J", "F", "M", "A", "M", "J", "J", "A", "S", "O", "N", "D"],
    "wide": [
      "januari",
      "februari",
      "mars",
      "april",
      "maj",
      "juni",
      "juli",
      "augusti",
      "september",
      "oktober",
      "november",
      "december"
    ]
  }
}
