{
  "default-calendar": "gregorian",
  "separator": "/",
  "unitOrder": "DD/MM/YYYY",
  "weekStart": 7,
  "placeholder": "DD/MM/YYYY",
  "days": {
    "abbreviated": ["CN", "Th 2", "Th 3", "Th 4", "Th 5", "Th 6", "Th 7"],
    "narrow": ["CN", "T2", "T3", "T4", "T5", "T6", "T7"],
    "short": ["CN", "T2", "T3", "T4", "T5", "T6", "T7"],
    "wide": ["Chủ Nhật", "Thứ Hai", "Thứ Ba", "Thứ Tư", "Thứ Năm", "Thứ Sáu", "Thứ Bảy"]
  },
  "numerals": "0123456789",
  "months": {
    "abbreviated": [
      "Thg 1",
      "Thg 2",
      "Thg 3",
      "Thg 4",
      "Thg 5",
      "Thg 6",
      "Thg 7",
      "Thg 8",
      "Thg 9",
      "Thg 10",
      "Thg 11",
      "Thg 12"
    ],
    "narrow": ["1", "2", "3", "4", "5", "6", "7", "8", "9", "10", "11", "12"],
    "wide": [
      "Tháng 1",
      "Tháng 2",
      "Tháng 3",
      "Tháng 4",
      "Tháng 5",
      "Tháng 6",
      "Tháng 7",
      "Tháng 8",
      "Tháng 9",
      "Tháng 10",
      "Tháng 11",
      "Tháng 12"
    ]
  }
}
