{
  "default-calendar": "gregorian",
  "separator": "/",
  "unitOrder": "YYYY/MM/DD",
  "weekStart": 7,
  "placeholder": "YYYY/MM/DD",
  "days": {
    "abbreviated": ["周日", "周一", "周二", "周三", "周四", "周五", "周六"],
    "narrow": ["日", "一", "二", "三", "四", "五", "六"],
    "short": ["周日", "周一", "周二", "周三", "周四", "周五", "周六"],
    "wide": ["星期日", "星期一", "星期二", "星期三", "星期四", "星期五", "星期六"]
  },
  "numerals": "0123456789",
  "months": {
    "abbreviated": ["1月", "2月", "3月", "4月", "5月", "6月", "7月", "8月", "9月", "10月", "11月", "12月"],
    "narrow": ["1", "2", "3", "4", "5", "6", "7", "8", "9", "10", "11", "12"],
    "wide": ["一月", "二月", "三月", "四月", "五月", "六月", "七月", "八月", "九月", "十月", "十一月", "十二月"]
  },
  "year": {
    "suffix": "年"
  }
}
